{
    "AC1_month_1": [19.414465408606205],
    "AD1_month_1": [24.769311045317487],
    "AD3_month_1": [4.440374970369168],
    "AN3_month_1": [84.32387585999426],
    "BE2_month_1(2)": [0.7817353506343407],
    "BN1_month_1(2)": [97.7095398268396],
    "BP1_month_1(1)": [97.23277876416218],
    "KC2_month_1": [0.4660333052489647],
    "KN2_month_1": [97.24853761366218],
    "AA1_month_1": [6.034101264514973],
    "AA2_month_1": [3.84156531553391],
    "AA3_month_1": [5.058180607650006],
    "AB1_month_1": [1.7494868641361467],
    "AB2_month_1": [2.435342921278333],
    "AB3_month_1": [1.2690261025394116],
    "AC2_month_1": [5.19302676204875],
    "AC3_month_1": [4.369954904228093],
    "AD2_month_1": [1.2016128458219923],
    "AE1_month_1": [0.32011893296343913],
    "AE2_month_1": [1.3737387038403857],
    "AE3_month_1": [0.4166055661523684],
    "AN1_month_1": [98.51251814299252],
    "AN2_month_1": [36.35144808282786],
    "AP1_month_1": [18.485972013099286],
    "AP2_month_1": [28.714511058666847],
    "BA1_month_1(1)": [0.5114194573390578],
    "BA1_month_1(2)": [0.36951928915364607],
    "BA1_month_1": [0.4985490529472922],
    "BA2_month_1(1)": [0.8291178145848489],
    "BA2_month_1": [0.8184084853395106],
    "BA3_month_1(1)": [0.5094725535489059],
    "BA3_month_1(2)": [12.93266742107731],
    "BA3_month_1": [0.5850425091031296],
    "BB1_month_1(1)": [0.3897711090146675],
    "BB1_month_1(2)": [0.39598049774605615],
    "BB1_month_1": [0.29947897688447556],
    "BB2_month_1(1)": [0.09003046257070173],
    "BB2_month_1(2)": [0.2397371032961523],
    "BB2_month_1": [0.14606557494568],
    "BB3_month_1(1)": [0.23092846037546097],
    "BB3_month_1(2)": [0.3090570690486205],
    "BB3_month_1": [0.23271442134514705],
    "BC1_month_1(1)": [0.18891667440389026],
    "BC1_month_1(2)": [0.22015486529089073],
    "BC1_month_1": [0.1953743384371904],
    "BC2_month_1(1)": [0.22893344971196064],
    "BC2_month_1(2)": [0.24246175805033646],
    "BC2_month_1": [0.23855302166908363],
    "BC3_month_1(1)": [0.16220276515808993],
    "BC3_month_1(2)": [0.14743203817729084],
    "BC3_month_1": [0.13280303790768905],
    "BD1_month_1(1)": [0.36286376835659645],
    "BD1_month_1(2)": [0.24075337773395628],
    "BD1_month_1": [0.18351253935903508],
    "BD2_month_1(1)": [0.31557555477995275],
    "BD2_month_1": [0.2850327010366105],
    "BD3_month_1(1)": [0.21858163502131442],
    "BD3_month_1": [0.2121546425497351],
    "BE1_month_1(1)": [0.12412208017792711],
    "BE1_month_1(2)": [0.1432889967635447],
    "BE1_month_1": [0.2010383531098836],
    "BE2_month_1(1)": [0.42777009922228176],
    "BE2_month_1": [0.4670439944043234],
    "BE3_month_1(1)": [0.29612257733744574],
    "BE3_month_1": [0.7366394799721547],
    "BN1_month_1(1)": [97.83790646213708],
    "BN1_month_1": [98.17858486684317],
    "BN2_month_1(1)": [98.0810508880333],
    "BN2_month_1(2)": [98.03857157670218],
    "BN2_month_1": [98.05651822542404],
    "BN3_month_1(1)": [33.27936600609941],
    "BN3_month_1(2)": [98.12684606784329],
    "BN3_month_1": [33.29152832544849],
    "BP1_month_1(2)": [98.06800340149583],
    "BP1_month_1": [98.20058041490329],
    "BP2_month_1(1)": [98.47972138688837],
    "BP2_month_1": [98.47906053984943],
    "KA1_month_1": [0.48860673629470164],
    "KA2_month_1": [0.13618746078209873],
    "KA3_month_1": [0.1757071801391307],
    "KB1_month_1": [0.265502462184404],
    "KB2_month_1": [0.2286563870497361],
    "KB3_month_1": [0.294286862208508],
    "KC1_month_1": [0.15865366272150114],
    "KC3_month_1": [1.0847050518575885],
    "KD1_month_1": [0.30032369975758805],
    "KD2_month_1": [0.307890643630291],
    "KD3_month_1": [0.45846081047306414],
    "KE1_month_1": [0.15064083110883944],
    "KE2_month_1": [0.029093090136739944],
    "KE3_month_1": [0.09172324651482738],
    "KN1_month_1": [96.86542073419427],
    "KN3_month_1": [63.62414573513501],
    "KP1_month_1": [95.73229846904468],
    "KP2_month_1": [98.35565970732004],
    "AE1_month_2": [98.73590575214664],
    "BC1_month_2": [4.710563120306953],
    "BP2_month_2": [98.18085283991263],
    "KA1_month_2": [1.460310261965373],
    "KN2_month_2": [99.84369337296809],
    "AA1_month_2": [98.68541630974086],
    "AA3_month_2": [98.72270098276405],
    "AB1_month_2": [98.83495203271883],
    "AB2_month_2": [98.84049269322455],
    "AB3_month_2": [98.70191199243033],
    "AC1_month_2": [98.76793347050678],
    "AC2_month_2": [98.74911927672171],
    "AC3_month_2": [98.81165926695695],
    "AD1_month_2": [98.84894973974991],
    "AD2_month_2": [98.82064265658586],
    "AD3_month_2": [98.97370976712891],
    "AE2_month_2": [98.89342180309974],
    "AE3_month_2": [98.926221966655],
    "AN1_month_2": [98.79162161332991],
    "AN2_month_2": [98.79553653756258],
    "AN3_month_2": [98.97796933703941],
    "AP1_month_2": [98.88812853358733],
    "AP2_month_2": [98.85668274490854],
    "BA1_month_2": [9.266563469093521],
    "BA2_month_2": [5.885580058172163],
    "BA3_month_2": [6.541253817598215],
    "BB1_month_2": [11.315967166336254],
    "BB2_month_2": [4.849047090659975],
    "BB3_month_2": [5.611430068187427],
    "BC2_month_2": [5.552826491327497],
    "BC3_month_2": [4.279485361521593],
    "BD1_month_2": [4.887010655148365],
    "BD2_month_2": [3.9558751747956546],
    "BD3_month_2": [26.358413748623775],
    "BE1_month_2": [53.056606018753385],
    "BE2_month_2": [22.36129599715578],
    "BE3_month_2": [3.3322006699763658],
    "BN1_month_2": [94.38823353785763],
    "BN2_month_2": [97.06566303397666],
    "BN3_month_2": [96.22979022548512],
    "BP1_month_2": [97.50143670885566],
    "KA2_month_2": [1.7774250240674045],
    "KA3_month_2": [2.402223642033467],
    "KB1_month_2": [0.3635692112918369],
    "KB2_month_2": [0.12569877056615458],
    "KB3_month_2": [0.5955443945622912],
    "KC1_month_2": [0.48346660652238205],
    "KC2_month_2": [0.33118687604871183],
    "KC3_month_2": [0.24054085509958315],
    "KD1_month_2": [0.3853729358346493],
    "KD2_month_2": [0.5261676302588041],
    "KD3_month_2": [0.8531653299932076],
    "KE1_month_2": [0.09147792714929817],
    "KE2_month_2": [0.543942910929149],
    "KE3_month_2": [0.23051597171214327],
    "KN1_month_2": [99.94276237293857],
    "KN3_month_2": [99.87674308500125],
    "KP1_month_2": [99.98254524123367],
    "KP2_month_2": [99.56911924752802],
    "AE1_month_3": [97.33082141874976],
    "BA3_month_3": [29.988922548911656],
    "BB3_month_3": [39.756239693278275],
    "BP2_month_3": [95.72972603886753],
    "KE2_month_3": [0.5920725137207705],
    "KN3_month_3": [97.17424184702874],
    "AA1_month_3": [97.60028689813282],
    "AA2_month_3": [97.48575451805056],
    "AA3_month_3": [96.82938427195424],
    "AB1_month_3": [97.28825574100304],
    "AB2_month_3": [97.09257563888897],
    "AB3_month_3": [97.09313459082051],
    "AC1_month_3": [96.49315711546942],
    "AC2_month_3": [97.59804538047993],
    "AC3_month_3": [96.11570612101015],
    "AD1_month_3": [97.39820124328875],
    "AD2_month_3": [96.98896026356107],
    "AD3_month_3": [97.17673899817481],
    "AE2_month_3": [97.92179150055136],
    "AE3_month_3": [97.52934369656423],
    "AN1_month_3": [97.65703188341382],
    "AN2_month_3": [98.01614702983115],
    "AN3_month_3": [97.80531241048513],
    "AP1_month_3": [98.1532709115636],
    "AP2_month_3": [97.71924605815842],
    "BA1_month_3": [28.999139673949653],
    "BA2_month_3": [46.48820474557371],
    "BB1_month_3": [95.76174602792685],
    "BB2_month_3": [25.736605680132506],
    "BC1_month_3": [96.16291486876653],
    "BC2_month_3": [95.7389429278995],
    "BC3_month_3": [95.9109373037016],
    "BD1_month_3": [95.39574186493456],
    "BD2_month_3": [95.33011180764606],
    "BD3_month_3": [96.22493467273702],